{"val/loss": NaN, "val/acc": 0.34447672963142395, "val/CN_acc": 1.0, "val/MCI_acc": 0.0, "val/AD_acc": 0.0, "val/f1_macro": 0.17073170840740204, "val/f1_micro": 0.3442623019218445, "val/best_balanced_acc": 0.3333333432674408, "val/best_acc": 0.3333333432674408, "val/AUC": 0.5040480494499207, "val/balanced_acc": 0.3333333432674408, "epoch": 349, "trainer/global_step": 7349, "_timestamp": 1680361693, "_runtime": 28645, "_step": 699, "train/loss": NaN, "train/acc": 0.3348214328289032, "train/AUC": 0.4815775156021118, "train/balanced_acc": 0.3174603581428528, "_wandb": {"runtime": 28645}}