{"val/loss": NaN, "val/acc": 0.3256852328777313, "val/CN_acc": 0.5436241626739502, "val/MCI_acc": 0.05911330133676529, "val/AD_acc": 0.653333306312561, "val/f1_macro": 0.30734992027282715, "val/f1_micro": 0.3325527012348175, "val/best_balanced_acc": 0.42610830068588257, "val/best_acc": 0.42610830068588257, "val/AUC": 0.5457285642623901, "val/balanced_acc": 0.4186902642250061, "epoch": 3, "trainer/global_step": 83, "_timestamp": 1681139710, "_runtime": 299, "_step": 7, "train/loss": 1.1339689493179321, "train/acc": 0.3355654776096344, "train/AUC": 0.5018966794013977, "train/balanced_acc": 0.35513216257095337, "_wandb": {"runtime": 304}}