{"val/loss": NaN, "val/acc": 0.36010172963142395, "val/CN_acc": 1.0, "val/MCI_acc": 0.0, "val/AD_acc": 0.0, "val/f1_macro": 0.17670682072639465, "val/f1_micro": 0.3606557250022888, "val/best_balanced_acc": 0.3333333432674408, "val/best_acc": 0.3333333432674408, "val/AUC": 0.5006217956542969, "val/balanced_acc": 0.3333333432674408, "epoch": 0, "trainer/global_step": 20, "_timestamp": 1681145935, "_runtime": 86, "_step": 1, "train/loss": NaN, "train/acc": 0.3258928656578064, "train/AUC": 0.46950531005859375, "train/balanced_acc": 0.31461086869239807, "_wandb": {"runtime": 154}}