{"val/loss": 1.0022058486938477, "val/acc": 0.7083333134651184, "val/CN_acc": 0.0, "val/MCI_acc": 1.0, "val/AD_acc": 0.0, "val/f1_macro": 0.27642279863357544, "val/f1_micro": 0.7083333730697632, "val/best_balanced_acc": 0.3333333432674408, "val/best_acc": 0.3333333432674408, "val/AUC": 0.5683869123458862, "val/balanced_acc": 0.3333333432674408, "epoch": 5, "trainer/global_step": 35, "_timestamp": 1678101209, "_runtime": 93, "_step": 11, "train/loss": 1.0888863801956177, "train/acc": 0.5833333134651184, "train/AUC": 0.21759259700775146, "train/balanced_acc": 0.409722238779068, "_wandb": {"runtime": 94}}