{"val/loss": 2.2579519748687744, "val/acc": 0.5804924368858337, "val/CN_acc": 0.5, "val/MCI_acc": 0.6960784196853638, "val/AD_acc": 0.3076923191547394, "val/f1_macro": 0.5153680443763733, "val/f1_micro": 0.5872092843055725, "val/best_balanced_acc": 0.628947913646698, "val/best_acc": 0.628947913646698, "val/AUC": 0.6724599599838257, "val/balanced_acc": 0.5012569427490234, "epoch": 349, "trainer/global_step": 3149, "_timestamp": 1678130236, "_runtime": 2934, "_step": 699, "train/loss": 0.3138883411884308, "train/acc": 0.84375, "train/AUC": 0.8595898151397705, "train/balanced_acc": 0.8272086977958679, "_wandb": {"runtime": 2934}}