{"val/loss": 1.0520319938659668, "val/acc": 0.3863636255264282, "val/CN_acc": 0.5681818127632141, "val/MCI_acc": 0.2551020383834839, "val/AD_acc": 0.5333333611488342, "val/f1_macro": 0.3835294246673584, "val/f1_micro": 0.38372093439102173, "val/best_balanced_acc": 0.4693465530872345, "val/best_acc": 0.4693465530872345, "val/AUC": 0.601516842842102, "val/balanced_acc": 0.45220574736595154, "epoch": 53, "trainer/global_step": 485, "_timestamp": 1678117343, "_runtime": 1458, "_step": 107, "train/loss": 1.0447754859924316, "train/acc": 0.4045138955116272, "train/AUC": 0.6460915207862854, "train/balanced_acc": 0.42349380254745483, "_wandb": {"runtime": 1460}}