{"val/loss": NaN, "val/acc": 0.530575156211853, "val/CN_acc": 0.1879194676876068, "val/MCI_acc": 0.7586206793785095, "val/AD_acc": 0.5733333230018616, "val/f1_macro": 0.4850105047225952, "val/f1_micro": 0.5269320607185364, "val/best_balanced_acc": 0.6391664147377014, "val/best_acc": 0.6391664147377014, "val/AUC": 0.7105028033256531, "val/balanced_acc": 0.5066245198249817, "epoch": 349, "trainer/global_step": 7349, "_timestamp": 1680395817, "_runtime": 34100, "_step": 699, "train/loss": 0.16457125544548035, "train/acc": 0.9434523582458496, "train/AUC": 0.9426631927490234, "train/balanced_acc": 0.9540804028511047, "_wandb": {"runtime": 34099}}