{"val/loss": 3.464988946914673, "val/acc": 0.4166666567325592, "val/CN_acc": 0.0, "val/MCI_acc": 0.8333333134651184, "val/AD_acc": 0.0, "val/f1_macro": 0.19607844948768616, "val/f1_micro": 0.4166666567325592, "val/best_balanced_acc": 0.5277777910232544, "val/best_acc": 0.5277777910232544, "val/AUC": 0.4863426089286804, "val/balanced_acc": 0.2777777910232544, "epoch": 299, "trainer/global_step": 2699, "_timestamp": 1679862955, "_runtime": 1059, "_step": 599, "train/loss": 0.28082215785980225, "train/acc": 0.8611111044883728, "train/AUC": 0.7037036418914795, "train/balanced_acc": 0.8009259700775146, "_wandb": {"runtime": 1059}}