{"val/loss": NaN, "val/acc": 0.3279692828655243, "val/CN_acc": 1.0, "val/MCI_acc": 0.0, "val/AD_acc": 0.0, "val/f1_macro": 0.16812609136104584, "val/f1_micro": 0.33723652362823486, "val/best_balanced_acc": 0.3333333432674408, "val/best_acc": 0.3333333432674408, "val/AUC": 0.4992251992225647, "val/balanced_acc": 0.3333333432674408, "epoch": 11, "trainer/global_step": 251, "_timestamp": 1679889454, "_runtime": 22017, "_step": 23, "train/loss": NaN, "train/acc": 0.3333333432674408, "train/AUC": 0.47303149104118347, "train/balanced_acc": 0.3174603581428528, "_wandb": {"runtime": 23134}}