{"val/loss": NaN, "val/acc": 0.36033952236175537, "val/CN_acc": 1.0, "val/MCI_acc": 0.0, "val/AD_acc": 0.0, "val/f1_macro": 0.17670682072639465, "val/f1_micro": 0.3606557250022888, "val/best_balanced_acc": 0.3333333432674408, "val/best_acc": 0.3333333432674408, "val/AUC": 0.5006217956542969, "val/balanced_acc": 0.3333333432674408, "epoch": 49, "trainer/global_step": 8049, "_timestamp": 1681205370, "_runtime": 9091, "_step": 99, "train/loss": NaN, "train/acc": 0.34937888383865356, "train/AUC": 0.4628845155239105, "train/balanced_acc": 0.35610735416412354, "_wandb": {"runtime": 9091}}