{"val/loss": NaN, "val/acc": 0.3605918884277344, "val/CN_acc": 1.0, "val/MCI_acc": 0.0, "val/AD_acc": 0.0, "val/f1_macro": 0.17670682072639465, "val/f1_micro": 0.3606557250022888, "val/best_balanced_acc": 0.3333333432674408, "val/best_acc": 0.3333333432674408, "val/AUC": 0.5006217956542969, "val/balanced_acc": 0.3333333432674408, "epoch": 0, "trainer/global_step": 320, "_timestamp": 1680277060, "_runtime": 62, "_step": 1, "train/loss": NaN, "train/acc": 0.3512461185455322, "train/AUC": 0.3714092969894409, "train/balanced_acc": 0.34852054715156555, "_wandb": {"runtime": 69}}