{"val/loss": NaN, "val/acc": 0.36010172963142395, "val/CN_acc": 1.0, "val/MCI_acc": 0.0, "val/AD_acc": 0.0, "val/f1_macro": 0.17670682072639465, "val/f1_micro": 0.3606557250022888, "val/best_balanced_acc": 0.3333333432674408, "val/best_acc": 0.3333333432674408, "val/AUC": 0.5006217956542969, "val/balanced_acc": 0.3333333432674408, "epoch": 6, "trainer/global_step": 146, "_timestamp": 1680278531, "_runtime": 376, "_step": 13, "train/loss": NaN, "train/acc": 0.3764880895614624, "train/AUC": 0.4770251214504242, "train/balanced_acc": 0.365079402923584, "_wandb": {"runtime": 403}}