{"val/loss": 1.650507926940918, "val/acc": 0.613636314868927, "val/CN_acc": 0.44186046719551086, "val/MCI_acc": 0.7083333134651184, "val/AD_acc": 0.5757575631141663, "val/f1_macro": 0.579253613948822, "val/f1_micro": 0.6162790656089783, "val/best_balanced_acc": 0.6193402409553528, "val/best_acc": 0.6193402409553528, "val/AUC": 0.745085597038269, "val/balanced_acc": 0.5753171443939209, "epoch": 349, "trainer/global_step": 3149, "_timestamp": 1678127268, "_runtime": 3204, "_step": 699, "train/loss": 0.2213071584701538, "train/acc": 0.8784722089767456, "train/AUC": 0.9773757457733154, "train/balanced_acc": 0.9155457615852356, "_wandb": {"runtime": 3203}}