{"val/loss": 1.2272553443908691, "val/acc": 0.4166666567325592, "val/CN_acc": 0.25, "val/MCI_acc": 0.6666666865348816, "val/AD_acc": 0.0, "val/f1_macro": 0.2962963283061981, "val/f1_micro": 0.4166666567325592, "val/best_balanced_acc": 0.472222238779068, "val/best_acc": 0.472222238779068, "val/AUC": 0.2685185372829437, "val/balanced_acc": 0.3055555820465088, "epoch": 49, "trainer/global_step": 449, "_timestamp": 1679861836, "_runtime": 184, "_step": 99, "train/loss": 1.1456767320632935, "train/acc": 0.4166666567325592, "train/AUC": 0.40432098507881165, "train/balanced_acc": 0.3827160596847534, "_wandb": {"runtime": 184}}