{"val/loss": NaN, "val/acc": 0.36010172963142395, "val/CN_acc": 1.0, "val/MCI_acc": 0.0, "val/AD_acc": 0.0, "val/f1_macro": 0.17670682072639465, "val/f1_micro": 0.3606557250022888, "val/best_balanced_acc": 0.3333333432674408, "val/best_acc": 0.3333333432674408, "val/AUC": 0.5006217956542969, "val/balanced_acc": 0.3333333432674408, "epoch": 349, "trainer/global_step": 7349, "_timestamp": 1680305607, "_runtime": 25768, "_step": 699, "train/loss": NaN, "train/acc": 0.3296130895614624, "train/AUC": 0.4797007143497467, "train/balanced_acc": 0.3174603581428528, "_wandb": {"runtime": 25768}}