{"val/loss": NaN, "val/acc": 0.42815613746643066, "val/CN_acc": 0.4899328947067261, "val/MCI_acc": 0.4236453175544739, "val/AD_acc": 0.3333333432674408, "val/f1_macro": 0.40939024090766907, "val/f1_micro": 0.43091335892677307, "val/best_balanced_acc": 0.41563722491264343, "val/best_acc": 0.41563722491264343, "val/AUC": 0.6242044568061829, "val/balanced_acc": 0.41563722491264343, "epoch": 4, "trainer/global_step": 104, "_timestamp": 1681140303, "_runtime": 364, "_step": 9, "train/loss": 1.0850852727890015, "train/acc": 0.369047611951828, "train/AUC": 0.5447604656219482, "train/balanced_acc": 0.3621361255645752, "_wandb": {"runtime": 383}}