{"val/loss": 2.272030830383301, "val/acc": 0.578125, "val/CN_acc": 0.5348837375640869, "val/MCI_acc": 0.6633663177490234, "val/AD_acc": 0.3928571343421936, "val/f1_macro": 0.5312274694442749, "val/f1_micro": 0.5872092843055725, "val/best_balanced_acc": 0.6417168378829956, "val/best_acc": 0.6417168378829956, "val/AUC": 0.6725679636001587, "val/balanced_acc": 0.5303690433502197, "epoch": 349, "trainer/global_step": 3149, "_timestamp": 1678124049, "_runtime": 3086, "_step": 699, "train/loss": 0.30646345019340515, "train/acc": 0.8194444179534912, "train/AUC": 0.9280287623405457, "train/balanced_acc": 0.8315737247467041, "_wandb": {"runtime": 3087}}