{"val/loss": 2.279172658920288, "val/acc": 0.4517045319080353, "val/CN_acc": 0.5227272510528564, "val/MCI_acc": 0.47959184646606445, "val/AD_acc": 0.30000001192092896, "val/f1_macro": 0.42604151368141174, "val/f1_micro": 0.4593023359775543, "val/best_balanced_acc": 0.5530612468719482, "val/best_acc": 0.5530612468719482, "val/AUC": 0.6482189893722534, "val/balanced_acc": 0.43410637974739075, "epoch": 349, "trainer/global_step": 3149, "_timestamp": 1678120948, "_runtime": 3282, "_step": 699, "train/loss": 0.3742726147174835, "train/acc": 0.8368055820465088, "train/AUC": 0.9565216898918152, "train/balanced_acc": 0.8844761848449707, "_wandb": {"runtime": 3281}}